INSERT INTO `pytest_workshop`.`studio` (`studio_name`) VALUES ("Client Services & Operations Support");
INSERT INTO `pytest_workshop`.`studio` (`studio_name`) VALUES ("Cloud & Infrastructure");
INSERT INTO `pytest_workshop`.`studio` (`studio_name`) VALUES ("Cybersecurity");
INSERT INTO `pytest_workshop`.`studio` (`studio_name`) VALUES ("Data & AI");
INSERT INTO `pytest_workshop`.`studio` (`studio_name`) VALUES ("Digital Business Transformation");
INSERT INTO `pytest_workshop`.`studio` (`studio_name`) VALUES ("ITSM");
INSERT INTO `pytest_workshop`.`studio` (`studio_name`) VALUES ("Management Consulting");
INSERT INTO `pytest_workshop`.`studio` (`studio_name`) VALUES ("Software Engineering");
INSERT INTO `pytest_workshop`.`studio` (`studio_name`) VALUES ("TAG - Marketing");
INSERT INTO `pytest_workshop`.`studio` (`studio_name`) VALUES ("Technology Strategy & Architecture");
INSERT INTO `pytest_workshop`.`studio` (`studio_name`) VALUES ("zAdministration");

INSERT INTO `pytest_workshop`.`discipline` (`discipline_name`, `studio_name`) VALUES ("Agile Transformation", "Software Engineering");
INSERT INTO `pytest_workshop`.`discipline` (`discipline_name`, `studio_name`) VALUES ("AI & Data Science", "Software Engineering");
INSERT INTO `pytest_workshop`.`discipline` (`discipline_name`, `studio_name`) VALUES ("Architecture & Development", "Software Engineering");
INSERT INTO `pytest_workshop`.`discipline` (`discipline_name`, `studio_name`) VALUES ("Business Program Management & Analysis", "Software Engineering");
INSERT INTO `pytest_workshop`.`discipline` (`discipline_name`, `studio_name`) VALUES ("Client Services", "Software Engineering");
INSERT INTO `pytest_workshop`.`discipline` (`discipline_name`, `studio_name`) VALUES ("Cloud Solutions", "Software Engineering");
INSERT INTO `pytest_workshop`.`discipline` (`discipline_name`, `studio_name`) VALUES ("Data Analytics & Visualization", "Software Engineering");
INSERT INTO `pytest_workshop`.`discipline` (`discipline_name`, `studio_name`) VALUES ("Data Architecture & Engineering", "Software Engineering");
INSERT INTO `pytest_workshop`.`discipline` (`discipline_name`, `studio_name`) VALUES ("DevSecOps", "Software Engineering");
INSERT INTO `pytest_workshop`.`discipline` (`discipline_name`, `studio_name`) VALUES ("Digital Delivery Management", "Software Engineering");
INSERT INTO `pytest_workshop`.`discipline` (`discipline_name`, `studio_name`) VALUES ("Enterprise Engineering", "Software Engineering");
INSERT INTO `pytest_workshop`.`discipline` (`discipline_name`, `studio_name`) VALUES ("Human Experience Design", "Software Engineering");
INSERT INTO `pytest_workshop`.`discipline` (`discipline_name`, `studio_name`) VALUES ("IT Cybersecurity", "Software Engineering");
INSERT INTO `pytest_workshop`.`discipline` (`discipline_name`, `studio_name`) VALUES ("Lab Services", "Software Engineering");
INSERT INTO `pytest_workshop`.`discipline` (`discipline_name`, `studio_name`) VALUES ("Leadership Advisory", "Software Engineering");
INSERT INTO `pytest_workshop`.`discipline` (`discipline_name`, `studio_name`) VALUES ("Learning & Development", "Software Engineering");
INSERT INTO `pytest_workshop`.`discipline` (`discipline_name`, `studio_name`) VALUES ("Operations & Support", "Software Engineering");
INSERT INTO `pytest_workshop`.`discipline` (`discipline_name`, `studio_name`) VALUES ("Organizational Effectiveness & Change", "Software Engineering");
INSERT INTO `pytest_workshop`.`discipline` (`discipline_name`, `studio_name`) VALUES ("Product Strategy & Analysis", "Software Engineering");
INSERT INTO `pytest_workshop`.`discipline` (`discipline_name`, `studio_name`) VALUES ("Service Management", "Software Engineering");
INSERT INTO `pytest_workshop`.`discipline` (`discipline_name`, `studio_name`) VALUES ("Site Reliability", "Software Engineering");
INSERT INTO `pytest_workshop`.`discipline` (`discipline_name`, `studio_name`) VALUES ("Solution Architecture", "Software Engineering");
INSERT INTO `pytest_workshop`.`discipline` (`discipline_name`, `studio_name`) VALUES ("TAG - Marketing", "Software Engineering");
INSERT INTO `pytest_workshop`.`discipline` (`discipline_name`, `studio_name`) VALUES ("Technology Strategy", "Software Engineering");
INSERT INTO `pytest_workshop`.`discipline` (`discipline_name`, `studio_name`) VALUES ("Test & Test Automation", "Software Engineering");
INSERT INTO `pytest_workshop`.`discipline` (`discipline_name`, `studio_name`) VALUES ("zAdministration", "Software Engineering");

INSERT INTO `pytest_workshop`.`consultant` (`consultant_name`,`consultant_title`,`consultant_location`,`consultant_discipline`) VALUES ("Isaiah Leach", "Software Development Engineer", "USA", "Architecture & Development");
INSERT INTO `pytest_workshop`.`consultant` (`consultant_name`,`consultant_title`,`consultant_location`,`consultant_discipline`) VALUES ("RJ Alabado", "Software Development Engineer", "USA", "Architecture & Development");
INSERT INTO `pytest_workshop`.`consultant` (`consultant_name`,`consultant_title`,`consultant_location`,`consultant_discipline`) VALUES ("Denzel Daniels", "Site Reliability Engineer", "USA", "Architecture & Development");
INSERT INTO `pytest_workshop`.`consultant` (`consultant_name`,`consultant_title`,`consultant_location`,`consultant_discipline`) VALUES ("Naga Krishna", "Software Development Engineer", "India", "Architecture & Development");
INSERT INTO `pytest_workshop`.`consultant` (`consultant_name`,`consultant_title`,`consultant_location`,`consultant_discipline`) VALUES ("Hector Mendoza	Software Architect", "USA", "Architecture & Development");
INSERT INTO `pytest_workshop`.`consultant` (`consultant_name`,`consultant_title`,`consultant_location`,`consultant_discipline`) VALUES ("Richard Shoemake	Software Architect", "USA", "Architecture & Development");
INSERT INTO `pytest_workshop`.`consultant` (`consultant_name`,`consultant_title`,`consultant_location`,`consultant_discipline`) VALUES ("Tod Matola	Software Architect", "USA", "Architecture & Development");
INSERT INTO `pytest_workshop`.`consultant` (`consultant_name`,`consultant_title`,`consultant_location`,`consultant_discipline`) VALUES ("John Boal", "Software Development Engineer", "USA", "Architecture & Development");
INSERT INTO `pytest_workshop`.`consultant` (`consultant_name`,`consultant_title`,`consultant_location`,`consultant_discipline`) VALUES ("Jordan Davidson-Campbell", "Software Development Engineer", "USA", "Architecture & Development");
INSERT INTO `pytest_workshop`.`consultant` (`consultant_name`,`consultant_title`,`consultant_location`,`consultant_discipline`) VALUES ("Michael Carpenter", "Software Development Engineer", "USA", "Architecture & Development");
INSERT INTO `pytest_workshop`.`consultant` (`consultant_name`,`consultant_title`,`consultant_location`,`consultant_discipline`) VALUES ("Ronald Cook", "Software Development Engineer", "USA", "Architecture & Development");
INSERT INTO `pytest_workshop`.`consultant` (`consultant_name`,`consultant_title`,`consultant_location`,`consultant_discipline`) VALUES ("Sai Varadula", "Software Development Engineer", "India", "Architecture & Development");
INSERT INTO `pytest_workshop`.`consultant` (`consultant_name`,`consultant_title`,`consultant_location`,`consultant_discipline`) VALUES ("Shashidhar Annapareddy", "Software Development Engineer", "India", "Architecture & Development");
INSERT INTO `pytest_workshop`.`consultant` (`consultant_name`,`consultant_title`,`consultant_location`,`consultant_discipline`) VALUES ("Stuart Wilson", "Software Development Engineer", "USA", "Architecture & Development");
INSERT INTO `pytest_workshop`.`consultant` (`consultant_name`,`consultant_title`,`consultant_location`,`consultant_discipline`) VALUES ("Taylor Young", "Software Development Engineer", "USA", "Architecture & Development");
INSERT INTO `pytest_workshop`.`consultant` (`consultant_name`,`consultant_title`,`consultant_location`,`consultant_discipline`) VALUES ("Evin Owen	Software Architect", "USA", "Architecture & Development");
INSERT INTO `pytest_workshop`.`consultant` (`consultant_name`,`consultant_title`,`consultant_location`,`consultant_discipline`) VALUES ("Ivan Jones	Software Architect", "USA", "Architecture & Development");
INSERT INTO `pytest_workshop`.`consultant` (`consultant_name`,`consultant_title`,`consultant_location`,`consultant_discipline`) VALUES ("Greg Lamb", "Software Development Engineer", "USA", "Architecture & Development");
INSERT INTO `pytest_workshop`.`consultant` (`consultant_name`,`consultant_title`,`consultant_location`,`consultant_discipline`) VALUES ("Anthony Spencer", "Software Development Engineer", "USA", "Architecture & Development");
INSERT INTO `pytest_workshop`.`consultant` (`consultant_name`,`consultant_title`,`consultant_location`,`consultant_discipline`) VALUES ("Brian Black", "Software Development Engineer", "USA", "Architecture & Development");
INSERT INTO `pytest_workshop`.`consultant` (`consultant_name`,`consultant_title`,`consultant_location`,`consultant_discipline`) VALUES ("Brian Vees", "Software Development Engineer", "USA", "Architecture & Development");
INSERT INTO `pytest_workshop`.`consultant` (`consultant_name`,`consultant_title`,`consultant_location`,`consultant_discipline`) VALUES ("Chris Marinacci", "Software Development Engineer", "USA", "Architecture & Development");
INSERT INTO `pytest_workshop`.`consultant` (`consultant_name`,`consultant_title`,`consultant_location`,`consultant_discipline`) VALUES ("Christopher Sutton", "Software Development Engineer", "USA", "Architecture & Development");
INSERT INTO `pytest_workshop`.`consultant` (`consultant_name`,`consultant_title`,`consultant_location`,`consultant_discipline`) VALUES ("Douglas Sawert", "Software Development Engineer", "USA", "Architecture & Development");
INSERT INTO `pytest_workshop`.`consultant` (`consultant_name`,`consultant_title`,`consultant_location`,`consultant_discipline`) VALUES ("Goutham Ramachandran", "Software Development Engineer", "USA", "Architecture & Development");
INSERT INTO `pytest_workshop`.`consultant` (`consultant_name`,`consultant_title`,`consultant_location`,`consultant_discipline`) VALUES ("Joel Reinke", "Software Development Engineer", "USA", "Architecture & Development");
INSERT INTO `pytest_workshop`.`consultant` (`consultant_name`,`consultant_title`,`consultant_location`,`consultant_discipline`) VALUES ("Kevin Ryan", "Software Development Engineer", "USA", "Architecture & Development");
INSERT INTO `pytest_workshop`.`consultant` (`consultant_name`,`consultant_title`,`consultant_location`,`consultant_discipline`) VALUES ("Layne Thomas", "Software Development Engineer", "USA", "Architecture & Development");
INSERT INTO `pytest_workshop`.`consultant` (`consultant_name`,`consultant_title`,`consultant_location`,`consultant_discipline`) VALUES ("Matthew Haines", "Software Development Engineer", "USA", "Architecture & Development");
INSERT INTO `pytest_workshop`.`consultant` (`consultant_name`,`consultant_title`,`consultant_location`,`consultant_discipline`) VALUES ("Mihaela Robb", "Software Development Engineer", "USA", "Architecture & Development");
INSERT INTO `pytest_workshop`.`consultant` (`consultant_name`,`consultant_title`,`consultant_location`,`consultant_discipline`) VALUES ("Mike Day", "Software Development Engineer", "USA", "Architecture & Development");
INSERT INTO `pytest_workshop`.`consultant` (`consultant_name`,`consultant_title`,`consultant_location`,`consultant_discipline`) VALUES ("Rama Dasari", "Software Development Engineer", "India", "Architecture & Development");
INSERT INTO `pytest_workshop`.`consultant` (`consultant_name`,`consultant_title`,`consultant_location`,`consultant_discipline`) VALUES ("Sai Guttikonda", "Software Development Engineer", "USA", "Architecture & Development");
INSERT INTO `pytest_workshop`.`consultant` (`consultant_name`,`consultant_title`,`consultant_location`,`consultant_discipline`) VALUES ("Shane Gates", "Software Development Engineer", "USA", "Architecture & Development");
INSERT INTO `pytest_workshop`.`consultant` (`consultant_name`,`consultant_title`,`consultant_location`,`consultant_discipline`) VALUES ("Suresh Lenin", "Software Development Engineer", "USA", "Architecture & Development");
INSERT INTO `pytest_workshop`.`consultant` (`consultant_name`,`consultant_title`,`consultant_location`,`consultant_discipline`) VALUES ("Troy Langley", "Software Development Engineer", "USA", "Architecture & Development");
INSERT INTO `pytest_workshop`.`consultant` (`consultant_name`,`consultant_title`,`consultant_location`,`consultant_discipline`) VALUES ("Alejandro del Genio", "Software Development Engineer", "Argentina", "Architecture & Development");
INSERT INTO `pytest_workshop`.`consultant` (`consultant_name`,`consultant_title`,`consultant_location`,`consultant_discipline`) VALUES ("Alex Miller", "Software Development Engineer", "USA", "Architecture & Development");
INSERT INTO `pytest_workshop`.`consultant` (`consultant_name`,`consultant_title`,`consultant_location`,`consultant_discipline`) VALUES ("Andrew Ksendzoff", "Software Development Engineer", "USA", "Architecture & Development");
INSERT INTO `pytest_workshop`.`consultant` (`consultant_name`,`consultant_title`,`consultant_location`,`consultant_discipline`) VALUES ("Bhanu Burra", "Software Development Engineer", "India", "Architecture & Development");
INSERT INTO `pytest_workshop`.`consultant` (`consultant_name`,`consultant_title`,`consultant_location`,`consultant_discipline`) VALUES ("Bruno Masotta", "Software Development Engineer", "Argentina", "Architecture & Development");
INSERT INTO `pytest_workshop`.`consultant` (`consultant_name`,`consultant_title`,`consultant_location`,`consultant_discipline`) VALUES ("Danny Kovene", "Software Development Engineer", "USA", "Architecture & Development");
INSERT INTO `pytest_workshop`.`consultant` (`consultant_name`,`consultant_title`,`consultant_location`,`consultant_discipline`) VALUES ("Deepti Mikkilineni", "Software Development Engineer", "India", "Architecture & Development");
INSERT INTO `pytest_workshop`.`consultant` (`consultant_name`,`consultant_title`,`consultant_location`,`consultant_discipline`) VALUES ("Eduardo Caballero", "Software Development Engineer", "Argentina", "Architecture & Development");
INSERT INTO `pytest_workshop`.`consultant` (`consultant_name`,`consultant_title`,`consultant_location`,`consultant_discipline`) VALUES ("Eduardo Foyo Cardenas", "Software Development Engineer", "Mexico", "Architecture & Development");
INSERT INTO `pytest_workshop`.`consultant` (`consultant_name`,`consultant_title`,`consultant_location`,`consultant_discipline`) VALUES ("Esteban Tolaba", "Software Development Engineer", "Argentina", "Architecture & Development");
INSERT INTO `pytest_workshop`.`consultant` (`consultant_name`,`consultant_title`,`consultant_location`,`consultant_discipline`) VALUES ("Fernando Lacoumette", "Software Development Engineer", "Argentina", "Architecture & Development");
INSERT INTO `pytest_workshop`.`consultant` (`consultant_name`,`consultant_title`,`consultant_location`,`consultant_discipline`) VALUES ("Frank Uddin", "Software Development Engineer", "USA", "Architecture & Development");
INSERT INTO `pytest_workshop`.`consultant` (`consultant_name`,`consultant_title`,`consultant_location`,`consultant_discipline`) VALUES ("Frederico Villalba", "Software Development Engineer", "Argentina", "Architecture & Development");
INSERT INTO `pytest_workshop`.`consultant` (`consultant_name`,`consultant_title`,`consultant_location`,`consultant_discipline`) VALUES ("Gabriel Espinosa", "Software Development Engineer", "Mexico", "Architecture & Development");
INSERT INTO `pytest_workshop`.`consultant` (`consultant_name`,`consultant_title`,`consultant_location`,`consultant_discipline`) VALUES ("Galileo Teco", "Software Development Engineer", "Mexico", "Architecture & Development");
INSERT INTO `pytest_workshop`.`consultant` (`consultant_name`,`consultant_title`,`consultant_location`,`consultant_discipline`) VALUES ("Greg Violan", "Software Development Engineer", "USA", "Architecture & Development");
INSERT INTO `pytest_workshop`.`consultant` (`consultant_name`,`consultant_title`,`consultant_location`,`consultant_discipline`) VALUES ("Jagadeesh Punjala", "Software Development Engineer", "India", "Architecture & Development");
INSERT INTO `pytest_workshop`.`consultant` (`consultant_name`,`consultant_title`,`consultant_location`,`consultant_discipline`) VALUES ("Jeff Odle", "Software Development Engineer", "USA", "Architecture & Development");
INSERT INTO `pytest_workshop`.`consultant` (`consultant_name`,`consultant_title`,`consultant_location`,`consultant_discipline`) VALUES ("Jesus Martinez", "Software Development Engineer", "Mexico", "Architecture & Development");
INSERT INTO `pytest_workshop`.`consultant` (`consultant_name`,`consultant_title`,`consultant_location`,`consultant_discipline`) VALUES ("John Albert", "Software Development Engineer", "USA", "Architecture & Development");
INSERT INTO `pytest_workshop`.`consultant` (`consultant_name`,`consultant_title`,`consultant_location`,`consultant_discipline`) VALUES ("Jose Sierra", "Software Development Engineer", "Argentina", "Architecture & Development");
INSERT INTO `pytest_workshop`.`consultant` (`consultant_name`,`consultant_title`,`consultant_location`,`consultant_discipline`) VALUES ("Juan Carlos Blanco Ornelas", "Software Development Engineer", "Mexico", "Architecture & Development");
INSERT INTO `pytest_workshop`.`consultant` (`consultant_name`,`consultant_title`,`consultant_location`,`consultant_discipline`) VALUES ("Juan Cerda", "Software Development Engineer", "Mexico", "Architecture & Development");
INSERT INTO `pytest_workshop`.`consultant` (`consultant_name`,`consultant_title`,`consultant_location`,`consultant_discipline`) VALUES ("Juan Manuel Martinez", "Software Development Engineer", "Mexico", "Architecture & Development");
INSERT INTO `pytest_workshop`.`consultant` (`consultant_name`,`consultant_title`,`consultant_location`,`consultant_discipline`) VALUES ("Kumar Kanishk", "Software Development Engineer", "India", "Architecture & Development");
INSERT INTO `pytest_workshop`.`consultant` (`consultant_name`,`consultant_title`,`consultant_location`,`consultant_discipline`) VALUES ("Leandro Wainer", "Software Development Engineer", "Argentina", "Architecture & Development");
INSERT INTO `pytest_workshop`.`consultant` (`consultant_name`,`consultant_title`,`consultant_location`,`consultant_discipline`) VALUES ("Lucas Risaro", "Software Development Engineer", "Argentina", "Architecture & Development");
INSERT INTO `pytest_workshop`.`consultant` (`consultant_name`,`consultant_title`,`consultant_location`,`consultant_discipline`) VALUES ("Luis Gonzalez", "Software Development Engineer", "Mexico", "Architecture & Development");
INSERT INTO `pytest_workshop`.`consultant` (`consultant_name`,`consultant_title`,`consultant_location`,`consultant_discipline`) VALUES ("Manochitra Kandasamy", "Software Development Engineer", "India", "Architecture & Development");
INSERT INTO `pytest_workshop`.`consultant` (`consultant_name`,`consultant_title`,`consultant_location`,`consultant_discipline`) VALUES ("Martin Gentile", "Software Development Engineer", "Argentina", "Architecture & Development");
INSERT INTO `pytest_workshop`.`consultant` (`consultant_name`,`consultant_title`,`consultant_location`,`consultant_discipline`) VALUES ("Matias Heber", "Software Development Engineer", "Argentina", "Architecture & Development");
INSERT INTO `pytest_workshop`.`consultant` (`consultant_name`,`consultant_title`,`consultant_location`,`consultant_discipline`) VALUES ("Nagesh Vengal", "Software Development Engineer", "India", "Architecture & Development");
INSERT INTO `pytest_workshop`.`consultant` (`consultant_name`,`consultant_title`,`consultant_location`,`consultant_discipline`) VALUES ("Neha Goli", "Software Development Engineer", "USA", "Architecture & Development");
INSERT INTO `pytest_workshop`.`consultant` (`consultant_name`,`consultant_title`,`consultant_location`,`consultant_discipline`) VALUES ("Oscar Hernandez", "Software Development Engineer", "Mexico", "Architecture & Development");
INSERT INTO `pytest_workshop`.`consultant` (`consultant_name`,`consultant_title`,`consultant_location`,`consultant_discipline`) VALUES ("Pablo Martinez", "Software Development Engineer", "Argentina", "Architecture & Development");
INSERT INTO `pytest_workshop`.`consultant` (`consultant_name`,`consultant_title`,`consultant_location`,`consultant_discipline`) VALUES ("Pablo Muruaga", "Software Development Engineer", "Argentina", "Architecture & Development");
INSERT INTO `pytest_workshop`.`consultant` (`consultant_name`,`consultant_title`,`consultant_location`,`consultant_discipline`) VALUES ("Pedro Nastasi", "Software Development Engineer", "Argentina", "Architecture & Development");
INSERT INTO `pytest_workshop`.`consultant` (`consultant_name`,`consultant_title`,`consultant_location`,`consultant_discipline`) VALUES ("Pramod Pattanayak", "Software Development Engineer", "USA", "Architecture & Development");
INSERT INTO `pytest_workshop`.`consultant` (`consultant_name`,`consultant_title`,`consultant_location`,`consultant_discipline`) VALUES ("Praveena Pichapati", "Software Development Engineer", "India", "Architecture & Development");
INSERT INTO `pytest_workshop`.`consultant` (`consultant_name`,`consultant_title`,`consultant_location`,`consultant_discipline`) VALUES ("Rajasekhar Nandyala", "Software Development Engineer", "India", "Architecture & Development");
INSERT INTO `pytest_workshop`.`consultant` (`consultant_name`,`consultant_title`,`consultant_location`,`consultant_discipline`) VALUES ("Rambabu Yelubandi", "Software Development Engineer", "India", "Architecture & Development");
INSERT INTO `pytest_workshop`.`consultant` (`consultant_name`,`consultant_title`,`consultant_location`,`consultant_discipline`) VALUES ("Tyler Mena", "Software Development Engineer", "USA", "Architecture & Development");
INSERT INTO `pytest_workshop`.`consultant` (`consultant_name`,`consultant_title`,`consultant_location`,`consultant_discipline`) VALUES ("Ulrich Eggers", "Software Development Engineer", "Argentina", "Architecture & Development");
INSERT INTO `pytest_workshop`.`consultant` (`consultant_name`,`consultant_title`,`consultant_location`,`consultant_discipline`) VALUES ("Victor Blumenbaum", "Software Development Engineer", "Argentina", "Architecture & Development");
INSERT INTO `pytest_workshop`.`consultant` (`consultant_name`,`consultant_title`,`consultant_location`,`consultant_discipline`) VALUES ("William Terrill", "Software Development Engineer", "USA", "Architecture & Development");
INSERT INTO `pytest_workshop`.`consultant` (`consultant_name`,`consultant_title`,`consultant_location`,`consultant_discipline`) VALUES ("Adolfo Garcia	Software Architect", "Mexico", "Architecture & Development");
INSERT INTO `pytest_workshop`.`consultant` (`consultant_name`,`consultant_title`,`consultant_location`,`consultant_discipline`) VALUES ("Gustavo Veron", "DevOps Engineer", "Argentina", "DevSecOps");
INSERT INTO `pytest_workshop`.`consultant` (`consultant_name`,`consultant_title`,`consultant_location`,`consultant_discipline`) VALUES ("Manuel Rico", "DevOps Engineer", "Mexico", "DevSecOps");
INSERT INTO `pytest_workshop`.`consultant` (`consultant_name`,`consultant_title`,`consultant_location`,`consultant_discipline`) VALUES ("Nicolas Fernandez", "DevOps Engineer", "Argentina", "DevSecOps");
INSERT INTO `pytest_workshop`.`consultant` (`consultant_name`,`consultant_title`,`consultant_location`,`consultant_discipline`) VALUES ("Gaston Melia", "DevOps Engineer", "Argentina", "Site Reliability");
INSERT INTO `pytest_workshop`.`consultant` (`consultant_name`,`consultant_title`,`consultant_location`,`consultant_discipline`) VALUES ("Alex Vinyar", "Site Reliability Engineer", "USA", "Site Reliability");
INSERT INTO `pytest_workshop`.`consultant` (`consultant_name`,`consultant_title`,`consultant_location`,`consultant_discipline`) VALUES ("Cory Policht", "Site Reliability Engineer", "USA", "Site Reliability");
INSERT INTO `pytest_workshop`.`consultant` (`consultant_name`,`consultant_title`,`consultant_location`,`consultant_discipline`) VALUES ("Daniel Cazares", "Site Reliability Engineer", "USA", "Site Reliability");
INSERT INTO `pytest_workshop`.`consultant` (`consultant_name`,`consultant_title`,`consultant_location`,`consultant_discipline`) VALUES ("James O’Rourke", "Site Reliability Engineer", "USA", "Site Reliability");
INSERT INTO `pytest_workshop`.`consultant` (`consultant_name`,`consultant_title`,`consultant_location`,`consultant_discipline`) VALUES ("Kedar Saireddy", "Software Development Engineer in Test", "India", "Test & Test Automation");
INSERT INTO `pytest_workshop`.`consultant` (`consultant_name`,`consultant_title`,`consultant_location`,`consultant_discipline`) VALUES ("Lilit Stepanyan", "Quality Assurance Engineer", "USA", "Test & Test Automation");
INSERT INTO `pytest_workshop`.`consultant` (`consultant_name`,`consultant_title`,`consultant_location`,`consultant_discipline`) VALUES ("Naresh Erigijja", "Quality Assurance Engineer", "India", "Test & Test Automation");
INSERT INTO `pytest_workshop`.`consultant` (`consultant_name`,`consultant_title`,`consultant_location`,`consultant_discipline`) VALUES ("Theresa Kramer", "Quality Assurance Engineer", "USA", "Test & Test Automation");
INSERT INTO `pytest_workshop`.`consultant` (`consultant_name`,`consultant_title`,`consultant_location`,`consultant_discipline`) VALUES ("Bautista Gaggiotti", "Software Development Engineer in Test", "Argentina", "Test & Test Automation");
INSERT INTO `pytest_workshop`.`consultant` (`consultant_name`,`consultant_title`,`consultant_location`,`consultant_discipline`) VALUES ("Hung Duong", "Software Development Engineer in Test", "USA", "Test & Test Automation");
INSERT INTO `pytest_workshop`.`consultant` (`consultant_name`,`consultant_title`,`consultant_location`,`consultant_discipline`) VALUES ("Siva Anbalagan", "Software Development Engineer in Test", "India", "Test & Test Automation");
INSERT INTO `pytest_workshop`.`consultant` (`consultant_name`,`consultant_title`,`consultant_location`,`consultant_discipline`) VALUES ("Francisco Gonzalez", "Quality Assurance Engineer", "USA", "Test & Test Automation");
INSERT INTO `pytest_workshop`.`consultant` (`consultant_name`,`consultant_title`,`consultant_location`,`consultant_discipline`) VALUES ("Matt Eakin", "Quality Assurance Engineer", "USA", "Test & Test Automation");
INSERT INTO `pytest_workshop`.`consultant` (`consultant_name`,`consultant_title`,`consultant_location`,`consultant_discipline`) VALUES ("Mark Hanschen", "Software Development Engineer in Test", "USA", "Test & Test Automation");
INSERT INTO `pytest_workshop`.`consultant` (`consultant_name`,`consultant_title`,`consultant_location`,`consultant_discipline`) VALUES ("Camila Brizuela", "Quality Assurance Engineer", "Argentina", "Test & Test Automation");
INSERT INTO `pytest_workshop`.`consultant` (`consultant_name`,`consultant_title`,`consultant_location`,`consultant_discipline`) VALUES ("Charishma Ayinapudi", "Quality Assurance Engineer", "India", "Test & Test Automation");
INSERT INTO `pytest_workshop`.`consultant` (`consultant_name`,`consultant_title`,`consultant_location`,`consultant_discipline`) VALUES ("Dan Briggs", "Quality Assurance Engineer", "USA", "Test & Test Automation");
INSERT INTO `pytest_workshop`.`consultant` (`consultant_name`,`consultant_title`,`consultant_location`,`consultant_discipline`) VALUES ("Debasish Karmakar", "Quality Assurance Engineer", "India", "Test & Test Automation");
INSERT INTO `pytest_workshop`.`consultant` (`consultant_name`,`consultant_title`,`consultant_location`,`consultant_discipline`) VALUES ("Jatinder Grewal", "Quality Assurance Engineer", "USA", "Test & Test Automation");
INSERT INTO `pytest_workshop`.`consultant` (`consultant_name`,`consultant_title`,`consultant_location`,`consultant_discipline`) VALUES ("Nenetzin Rodriguez", "Quality Assurance Engineer", "USA", "Test & Test Automation");
INSERT INTO `pytest_workshop`.`consultant` (`consultant_name`,`consultant_title`,`consultant_location`,`consultant_discipline`) VALUES ("Nikhilkumar Veesamshetty", "Quality Assurance Engineer", "India", "Test & Test Automation");
INSERT INTO `pytest_workshop`.`consultant` (`consultant_name`,`consultant_title`,`consultant_location`,`consultant_discipline`) VALUES ("Prathyusha Goriparthi", "Quality Assurance Engineer", "India", "Test & Test Automation");
INSERT INTO `pytest_workshop`.`consultant` (`consultant_name`,`consultant_title`,`consultant_location`,`consultant_discipline`) VALUES ("Puja Patidar", "Quality Assurance Engineer", "USA", "Test & Test Automation");
INSERT INTO `pytest_workshop`.`consultant` (`consultant_name`,`consultant_title`,`consultant_location`,`consultant_discipline`) VALUES ("Ramesh Karamthot", "Quality Assurance Engineer", "India", "Test & Test Automation");
INSERT INTO `pytest_workshop`.`consultant` (`consultant_name`,`consultant_title`,`consultant_location`,`consultant_discipline`) VALUES ("Alexa Andrews", "Software Development Engineer in Test", "USA", "Test & Test Automation");
INSERT INTO `pytest_workshop`.`consultant` (`consultant_name`,`consultant_title`,`consultant_location`,`consultant_discipline`) VALUES ("Benjamin McGill", "Software Development Engineer in Test", "USA", "Test & Test Automation");
INSERT INTO `pytest_workshop`.`consultant` (`consultant_name`,`consultant_title`,`consultant_location`,`consultant_discipline`) VALUES ("Jose Martin Mendivil", "Software Development Engineer in Test", "Mexico", "Test & Test Automation");
INSERT INTO `pytest_workshop`.`consultant` (`consultant_name`,`consultant_title`,`consultant_location`,`consultant_discipline`) VALUES ("Luke Williamson", "Software Development Engineer in Test", "USA", "Test & Test Automation");
INSERT INTO `pytest_workshop`.`consultant` (`consultant_name`,`consultant_title`,`consultant_location`,`consultant_discipline`) VALUES ("Malcolm Haslop", "Software Development Engineer in Test", "Argentina", "Test & Test Automation");
INSERT INTO `pytest_workshop`.`consultant` (`consultant_name`,`consultant_title`,`consultant_location`,`consultant_discipline`) VALUES ("Matias Del Hoyo", "Software Development Engineer in Test", "Argentina", "Test & Test Automation");
INSERT INTO `pytest_workshop`.`consultant` (`consultant_name`,`consultant_title`,`consultant_location`,`consultant_discipline`) VALUES ("Pradeep Kumar Reddy Edara", "Software Development Engineer in Test", "India", "Test & Test Automation");
INSERT INTO `pytest_workshop`.`consultant` (`consultant_name`,`consultant_title`,`consultant_location`,`consultant_discipline`) VALUES ("Shiva Mothkuri", "Software Development Engineer in Test", "India", "Test & Test Automation");

-- SELECT * FROM `pytest_workshop`.`studio`;
-- SELECT * FROM `pytest_workshop`.`discipline`;
-- SELECT * FROM `pytest_workshop`.`consultant`; 
-- SELECT * FROM `pytest_workshop`.`studio_discipline`;
-- SELECT * FROM `pytest_workshop`.`discipline_consultant`;

-- DELETE FROM `pytest_workshop`.`studio`;
-- DELETE FROM `pytest_workshop`.`discipline`;
-- DELETE FROM `pytest_workshop`.`consultant`; 
-- DELETE FROM `pytest_workshop`.`studio_discipline`;
-- DELETE FROM `pytest_workshop`.`discipline_consultant`;
